id,value
1,0.882549623058593
2,0.547427288856766
3,0.2138484962514019
4,0.257997635263724
5,0.673600403538339
